U.S. State,"% change in abortion rate (the no. of abortions per 1,000 women aged 15-44), by state of occurrence, 2014-2017","% change in the no. of abortion clinics, 2014-2017 [17]","% change in the no. of abortion providers, 2014-2017 [17]","% of all U.S. abortions, by state of occurrence, 2017","% of counties without a known abortion provider, 2014","% of pregnancies ending in abortion, 2014","% of pregnancies ending in birth, 2014","% of pregnancies wanted later or unwanted ending in abortion, 2014","% of pregnancies wanted later or unwanted ending in birth, 2014","% of teen pregnancies ending in abortion, 2011 [5]","% of women aged 15-44 covered by Medicaid, 2017","% of women aged 15-44 covered by private insurance, 2017","% of women aged 15-44 living in a county without a clinic, 2017 [17]","% of women aged 15-44 living in a county without an abortion provider, 2014","% of women aged 15-44 who are uninsured, 2017","% of women aged 18-49 using contraceptives, 2017 [16]","Abortion rate (the no. of abortions per 1,000 Hispanic women aged 15-19), by state of residence, 2013","Abortion rate (the no. of abortions per 1,000 non-Hispanic black women aged 15-19), by state of residence, 2013","Abortion rate (the no. of abortions per 1,000 non-Hispanic white women aged 15-19), by state of residence, 2013","Abortion rate (the no. of abortions per 1,000 other non-Hispanic women aged 15-19), by state of residence, 2013 [11]","Abortion rate (the no. of abortions per 1,000 women aged 15-17), by state of residence, 2013 [4]","Abortion rate (the no. of abortions per 1,000 women aged 15-19), by state of residence, 2013","Abortion rate (the no. of abortions per 1,000 women aged 15-44), by state of occurrence, 2017","Abortion rate (the no. of abortions per 1,000 women aged 18-19), by state of residence, 2013 [4]","Birthrate (the no. of births per 1,000 Hispanic women aged 15-19), by state of residence , 2013","Birthrate (the no. of births per 1,000 non-Hispanic black women aged 15-19), by state of residence, 2013 [10]","Birthrate (the no. of births per 1,000 non-Hispanic white women aged 15-19), by state of residence, 2013 [10]","Birthrate (the no. of births per 1,000 other non-Hispanic women aged 15-19), by state of residence, 2013 [10, 11]","Birthrate (the no. of births per 1,000 women aged 15-17), by state of residence , 2013 [4]","Birthrate (the no. of births per 1,000 women aged 15-19), by state of residence, 2013 [4]","Birthrate (the no. of births per 1,000 women aged 18-19), by state of residence , 2013 [4]","Change in the no. of abortion clinics, 2014-2017 [17]","Change in the no. of abortion providers, 2014-2017 [17]","No. of abortion clinics, 2017 [17]","No. of abortion providers, 2017 [17]","No. of abortions among Hispanic women aged 15-19, by state of residence, 2013 [1]","No. of abortions among non-Hispanic black women aged 15-19, by state of residence, 2013 [1]","No. of abortions among non-Hispanic white women aged 15-19, by state of residence, 2013 [1]","No. of abortions among other non-Hispanic women aged 15-19, by state of residence, 2013 [11, 1]","No. of abortions among women aged 15-17, by state of residence, 2013 [1]","No. of abortions among women aged 15-19, by state of residence, 2013 [1]","No. of abortions among women aged 18-19, by state of residence, 2013 [1]","No. of abortions among women younger than 15, by state of residence, 2013 [1]","No. of abortions, by state of occurrence, 2017 [13]","No. of births among Hispanic women aged 15-19, by state of residence , 2013 [10, 1]","No. of births among non-Hispanic black women aged 15-19, by state of residence, 2013 [10, 1]","No. of births among non-Hispanic white women aged 15-19, by state of residence, 2013 [10, 1]","No. of births among other non-Hispanic women aged 15-19, by state of residence, 2013 [10, 11, 1]","No. of births among women aged 15-17, by state of residence, 2013","No. of births among women aged 15-19, by state of residence, 2013","No. of births among women aged 18-19, by state of residence, 2013","No. of births among women younger than 15, by state of residence, 2013","No. of fetal losses among Hispanic women aged 15-19, by state of residence, 2013 [3, 1]","No. of fetal losses among non-Hispanic black women aged 15-19, by state of residence, 2013 [3, 1]","No. of fetal losses among non-Hispanic white women aged 15-19, by state of residence, 2013 [3, 1]","No. of fetal losses among other non-Hispanic women aged 15-19, by state of residence, 2013 [3, 11, 1]","No. of fetal losses among women aged 15-17, by state of residence, 2013 [3, 1]","No. of fetal losses among women aged 15-19, by state of  residence , 2013 [3, 1]","No. of fetal losses among women aged 18-19, by state of residence, 2013 [3, 1]","No. of fetal losses among women aged younger than 15, by state of residence , 2013 [3, 1]","No. of pregnancies among Hispanic women aged 15-19, by state of residence, 2013 [2, 1]","No. of pregnancies among non-Hispanic black women aged 15-19, by state of residence, 2013 [2, 1]","No. of pregnancies among non-Hispanic white women aged 15-19, by state of residence, 2013 [2, 1]","No. of pregnancies among other non-hispanic women aged 15-19, by state of residence, 2013 [2, 11, 1]","No. of pregnancies among women aged 15-17, by state of residence, 2013 [2, 1]","No. of pregnancies among women aged 15-19, by state of residence, 2013 [2, 1]","No. of pregnancies among women aged 18-19, by state of residence, 2013 [2, 1]","No. of pregnancies among women younger than 15, by state of residence, 2013 [2, 1]","Population estimates among Hispanic women aged 15-19, 2013","Population estimates among Non-Hispanic Black women aged 15-19, 2013","Population estimates among non-Hispanic white women aged 15-19, 2013","Population estimates among other non-Hispanic women aged 15-19, 2013 [11]","Population estimates among women aged 15-17, 2013","Population estimates among women aged 15-19, 2013","Population estimates among women aged 18-19, 2013","Population of women aged 13-44, 2016","Pregnancy rate (the no. of pregnancies per 1,000 Hispanic women aged 15-19), by state of residence, 2013 [4]","Pregnancy rate (the no. of pregnancies per 1,000 non-Hispanic black women aged 15-19), by state of residence, 2013 [4]","Pregnancy rate (the no. of pregnancies per 1,000 non-Hispanic white women aged 15-19), by state of residence, 2013 [4]","Pregnancy rate (the no. of pregnancies per 1,000 other non-Hispanic women aged 15-19), by state of residence, 2013 [4, 11]","Pregnancy rate (the no. of pregnancies per 1,000 women aged 15-17), by state of residence, 2013 [4]","Pregnancy rate (the no. of pregnancies per 1,000 women aged 15-19), by state of residence, 2013 [4]","Pregnancy rate (the no. of pregnancies per 1,000 women aged 18-19), by state of residence, 2013 [4]","Total no. of women aged 15-44, 2017"
Alabama,-23,0,-22,0.7,91,10,74,23,62,18,18,63,59,58,14,71.5,u,u,u,u,3,7,6.4,12,47,41,30,12,16,34,61,0,-2,5,7,u,u,u,u,280,"1,030",750,50,"6,110",320,"2,126","2,909",37,"1,471","5,392","3,921",64,u,u,u,u,320,"1,180",860,20,u,u,u,u,"2,070","7,610","5,530",140,"6,848","51,887","95,860","3,111","93,316","157,706","64,390","1,014,030",u,u,u,u,22,48,86,"949,949"
Alaska,-14,33,-25,0.1,79,11,73,30,56,28,24,49,32,17,15,76.5,9,9,10,11,6,10,8.6,18,35,30,20,49,11,30,63,1,-2,4,6,20,10,130,70,80,230,150,10,"1,260",69,39,262,338,162,708,546,8,20,10,70,80,40,170,120,-- [14],100,60,460,490,290,"1,110",820,20,"1,976","1,284","13,228","6,934","14,794","23,422","8,628","155,560",51,47,35,70,19,47,95,"146,072"
Arizona,-6,-11,-8,1.4,80,11,73,27 [15],57 [15],20,24,60,18,19,13,64.2,u,u,u,u,3,7,9.2,12,45,38,19,45,15,33,60,-1,-1,8,11,u,u,u,u,390,"1,480","1,090",20,"12,400","4,132",456,"1,807",837,"2,011","7,232","5,221",71,u,u,u,u,440,"1,590","1,150",20,u,u,u,u,"2,840","10,300","7,460",110,"91,560","11,896","96,744","18,718","131,325","218,918","87,593","1,418,140",u,u,u,u,22,47,85,"1,345,764"
Arkansas,-30,0,0,0.4,97,9,75,23,62,13,28,58,77,77,11,n/a,4,13,4,3,3,6,5.5,10,49,59,39,23,18,43,83,0,0,3,4,40,240,270,10,200,560,370,20,"3,200",422,"1,132","2,542",59,"1,059","4,155","3,096",37,90,250,540,10,230,890,660,10,550,"1,630","3,350",80,"1,490","5,610","4,120",60,"8,599","19,154","65,222","2,572","58,034","95,547","37,513","614,890",64,85,51,31,26,59,110,"577,447"
California,-16,6,-18,15.4,24,20,65,48 [15],37 [15],38 [8],27,62,3,1,9,72,u,u,u,u,7 [8],14 [8],16.4,25 [8],35,30,10,7,11,24,42,9,-93,161,419,u,u,u,u,"5,630 [8]","18,530 [8]","12,910 [8]",560 [8],"132,680","22,597","2,685","4,084","1,139","8,525","30,505","21,980",314,u,u,u,u,"2,270 [8]","7,950 [8]","5,690 [8]",120 [8],u,u,u,u,"16,420 [8]","56,990 [8]","40,570 [8]",990 [8],"644,984","89,778","393,229","168,630","770,744","1,296,621","525,877","8,557,280",u,u,u,u,21 [8],44 [8],77 [8],"8,104,632"
Colorado,-10,-14,-11,1.4,77,13,71,36,51,28,20,66,27,17,10,n/a,10,12,7,12,4,8,10.9,14,44,25,14,13,12,23,40,-3,-4,18,32,470,110,700,90,400,"1,360",960,30,"12,390","2,041",219,"1,476",98,"1,129","3,834","2,705",30,450,50,360,30,270,900,640,10,"2,960",380,"2,540",220,"1,800","6,100","4,300",70,"45,953","8,909","101,952","7,726","97,259","164,540","67,281","1,193,540",64,43,25,28,18,37,64,"1,137,745"
Connecticut,-8,4,-8,1.4,13,23,62,54,34,51,23,68,5,5,7,68.8,u,u,u,u,7,13,17.7,20,37,21,5,3,6,13,22,1,-5,26,54,u,u,u,u,530,"1,580","1,060",30,"11,910",836,325,428,17,445,"1,606","1,161",19,u,u,u,u,140,480,340,10,u,u,u,u,"1,110","3,670","2,560",50,"22,484","15,193","81,066","5,862","71,510","124,605","53,095","717,880",u,u,u,u,16,29,48,"672,949"
Delaware,-37,33,0,0.2,33,19,66,39,48,44,19,70,18,18,7,62.5,39,28,5,16,9,15,10.5,23,44,37,16,6,12,25,40,1,0,4,6,130,230,80,20,150,460,310,10,"1,900",145,298,278,7,201,728,527,6,40,80,60,-- [14],50,190,140,-- [14],320,610,430,30,400,"1,380",970,20,"3,328","8,017","17,164","1,129","16,421","29,638","13,217","191,040",95,76,25,25,25,46,74,"180,343"
District of Columbia,-8,-20,-11,0.7,0,25,61,49 [15],37 [15],37,21,73,0,0,3,65.5,10,40,5,17,31,26,30.2,23,51,47,2,1,24,32,37,-1,-1,4,8,20,460,30,20,240,530,290,20,"5,630",95,532,9,1,185,637,452,20,20,150,-- [14],-- [14],60,180,120,10,130,"1,140",40,20,480,"1,340",860,40,"1,874","11,379","5,881",912,"7,787","20,046","12,259","189,250",72,101,8,20,62,67,70,"186,464"
Florida,-10,-8,-1,8.2,67,21,64,43,44,39 [8],17,62,24,19,18,67.9,u,u,u,u,7 [8],15 [8],18.6,26 [8],25,38,19,6,11,25,45,-6,-1,65,85,u,u,u,u,"2,560 [8]","8,450 [8]","5,880 [8]",260 [8],"71,050","3,994","4,621","5,237",110,"3,699","13,962","10,263",165,u,u,u,u,"1,000 [8]","3,640 [8]","2,640 [8]",60 [8],u,u,u,u,"7,260 [8]","26,050 [8]","18,790 [8]",480 [8],"157,966","122,553","270,677","18,620","342,946","569,816","226,870","3,988,320",u,u,u,u,21 [8],46 [8],83 [8],"3,828,199"
Georgia,8,-12,-7,4.2,94,17,68,39,48,25,13,64,55,54,19,64.8,26,18,1,9,5,10,16.9,17,45,38,24,7,14,30,55,-2,-2,15,26,910,"2,270",90,120,990,"3,400","2,400",170,"36,330","1,557","4,729","3,941",95,"2,799","10,322","7,523",143,400,"1,170",800,30,660,"2,400","1,740",50,"2,870","8,180","4,820",250,"4,450","16,120","11,670",360,"34,794","125,036","166,101","13,576","202,224","339,507","137,283","2,269,490",83,65,29,18,22,47,85,"2,147,399"
Hawaii,-14,0,-3,0.4,20,14,70,37,49,44,18,63,5,0,5,61.8,10,12,8,15,6,13,12,24,42,21,19,23,10,25,47,0,-1,4,28,50,10,60,380,140,520,370,10,"3,200",221,24,148,583,247,976,729,12,50,10,40,150,60,250,180,-- [14],320,40,250,"1,120",450,"1,740","1,280",20,"5,312","1,162","7,666","24,924","23,657","39,064","15,407","282,230",61,38,32,45,19,44,83,"265,924"
Idaho,-6,0,0,0.1,95,6,78,19 [15],65 [15],18,15,66,67,68,16,73.8,4,5,4,10,2,4,3.9,8,47,22,21,31,9,26,52,0,0,3,5,40,-- [14],170,20,60,230,170,-- [14],"1,290",421,20,929,55,312,"1,425","1,113",11,90,-- [14],200,10,70,310,240,-- [14],540,30,"1,310",90,440,"1,970","1,530",20,"9,022",896,"43,703","1,798","33,892","55,419","21,527","347,340",60,32,30,48,13,36,71,"328,941"
Illinois,2,4,0,4.9,91,17,67,41,46,33,22,68,37,34,9,n/a,u,u,u,u,7,12,16.6,20,37,48,14,4,12,25,44,1,0,25,40,u,u,u,u,"1,790","5,260","3,480",170,"42,080","3,364","3,731","3,343",87,"2,990","10,525","7,535",124,u,u,u,u,780,"2,630","1,850",40,u,u,u,u,"5,550","18,420","12,870",330,"91,153","78,019","237,555","20,827","256,165","427,554","171,389","2,714,910",u,u,u,u,22,43,75,"2,532,027"
Indiana,-6,-33,-18,0.9,95,9,75,23 [15],61 [15],15,19,68,70,66,11,72,5,10,4,11,3,5,5.9,9,43,47,27,12,14,30,55,-3,-2,6,9,90,280,720,70,370,"1,150",780,20,"7,710",775,"1,263","4,635",69,"1,799","6,742","4,943",72,160,280,"1,000",20,400,"1,460","1,070",20,"1,030","1,820","6,350",150,"2,570","9,360","6,790",110,"18,205","27,059","171,770","5,798","132,684","222,832","90,148","1,378,790",57,67,37,27,19,42,75,"1,295,622"
Kansas,-5,0,0,0.8,97,8,76,21 [15],63 [15],12,12,71,61,56,11,72.4,4,7,4,10,2,4,12.2,8,57,45,23,14,13,30,54,0,0,4,4,60,50,270,40,130,430,300,10,"6,830",813,354,"1,642",60,722,"2,869","2,147",30,170,80,360,20,160,620,460,10,"1,040",480,"2,270",120,"1,010","3,910","2,910",50,"14,369","7,878","70,701","4,196","57,710","97,144","39,434","598,530",72,62,32,29,17,40,74,"558,606"
Iowa,-15,-33,-31,0.4,89,8,76,22,63,23,20,73,58,42,5,74.7,u,10 [6],4 [6],16 [6],3,5,6.3,8,47,52,18,17,10,22,38,-4,-4,8,9,u,60 [12],380 [12],60 [12],160,500,340,20,"3,760",375,279,"1,579",56,580,"2,289","1,709",12,u,70 [12],420 [12],20 [12],130,510,380,-- [14],u,420 [12],"2,720 [12]",150 [12],870,"3,290","2,420",30,"7,938","5,402","87,138","3,230","59,180","103,708","44,528","628,320",u,74 [6],29 [6],40 [6],15,32,54,"592,278"
Kentucky,-9,-50,0,0.4,98,7,77,19 [15],65 [15],12,30,60,82,74,7,n/a,6,11,4,7,2,5,3.8,8,49,44,39,11,17,39,73,-1,0,1,3,30,170,450,20,200,670,470,20,"3,200",254,669,"4,460",27,"1,374","5,410","4,036",46,50,150,940,10,290,"1,150",850,10,340,990,"5,850",50,"1,870","7,220","5,360",80,"5,236","15,209","115,029","2,380","82,492","137,854","55,362","904,980",65,65,51,21,23,52,97,"848,472"
Louisiana,-2,-20,-20,1.2,92,11,73,22,63,18,31,56,72,63,10,70.9,u,11 [6],3 [6],16 [6],4,7,10.6,11,48,50,31,19,17,39,72,-1,-1,4,4,u,640 [12],290 [12],60 [12],340,"1,000",660,50,"9,920",326,"2,962","2,451",72,"1,550","5,811","4,261",90,u,670 [12],570 [12],20 [12],340,"1,260",920,20,u,"4,330 [12]","3,570 [12]",180 [12],"2,240","8,070","5,830",160,"6,794","58,919","78,750","3,817","89,308","148,280","58,972","999,480",u,73 [6],42 [6],43 [6],25,54,99,"936,106"
Maine,-7,300,133,0.2,75,14,71,34,52,29,19,68,24,46,11,78,4,13,8,9,5,8,8.8,12,16,24,17,19,7,17,32,12,12,16,21,-- [14],10,280,10,110,310,200,10,"2,040",14,27,631,25,166,697,531,6,-- [14],10,150,10,40,170,130,-- [14],20,50,"1,070",40,320,"1,180",860,10,903,"1,124","36,823","1,289","23,478","40,139","16,661","246,030",22,43,29,33,14,29,52,"231,535"
Maryland,7,0,7,3.5,54,23,62,48,39,49 [9],19,70,29,16,8,72.1,u,u,u,u,10 [9],17 [9],25,28 [9],39,29,11,4,9,19,34,0,3,25,44,u,u,u,u,"1,090 [9]","3,270 [9]","2,180 [9]",110 [9],"29,800",733,"1,887","1,025",45,"1,027","3,690","2,663",51,u,u,u,u,310 [9],"1,070 [9]",750 [9],20 [9],u,u,u,u,"2,430 [9]","8,030 [9]","5,600 [9]",180 [9],"18,731","65,014","94,818","12,473","112,479","191,036","78,557","1,267,280",u,u,u,u,22 [9],42 [9],71 [9],"1,193,286"
Massachusetts,-12,36,9,2.2,21,20,65,50,38,47,25,70,13,9,3,72.1,u,u,u,u,4,9,13.5,15,41,18,6,5,6,12,19,5,4,19,47,u,u,u,u,550,"2,120","1,570",40,"18,590","1,281",363,"1,014",76,734,"2,734","2,000",33,u,u,u,u,200,760,560,10,u,u,u,u,"1,480","5,610","4,130",80,"31,575","20,050","161,237","16,352","122,978","229,214","106,236","1,450,360",u,u,u,u,12,24,39,"1,381,812"
Michigan,-8,5,3,3.1,88,17,68,37,49,32,26,67,35,39,6,n/a,6,29,6,7,5,10,14.2,18,33,48,17,11,11,24,43,1,1,21,30,130,"1,700","1,460",90,960,"3,390","2,430",90,"26,630",715,"2,869","4,133",155,"2,098","7,872","5,774",77,160,740,970,40,520,"1,910","1,400",20,"1,000","5,310","6,570",290,"3,570","13,170","9,600",190,"21,818","59,406","239,411","13,700","198,556","334,335","135,779","1,995,800",46,89,27,21,18,39,71,"1,874,298"
Minnesota,9,17,0,1.2,95,10,74,31,55,28,20,73,61,59,6,70.1,7,18,4,11,2,6,10.1,10,41,37,11,31,7,17,31,1,0,7,11,80,260,510,140,260,990,730,30,"10,740",473,530,"1,537",410,758,"2,950","2,192",31,100,130,360,100,180,690,510,10,660,920,"2,400",640,"1,190","4,630","3,440",70,"11,663","14,310","136,445","13,106","104,005","175,524","71,519","1,126,630",57,64,18,49,11,26,48,"1,066,806"
Mississippi,13,0,50,0.3,99,11,74,22 [15],62 [15],14,20,58,91,91,17,65.5,u,u,u,u,4,7,4.3,11,41,52,35,30,19,42,74,0,1,1,3,u,u,u,u,240,700,460,30,"2,550",120,"2,393","1,782",52,"1,162","4,347","3,185",74,u,u,u,u,260,940,680,20,u,u,u,u,"1,660","5,990","4,330",120,"2,934","46,270","51,604","1,719","59,742","102,527","42,785","634,120",u,u,u,u,28,58,101,"591,744"
Missouri,-8,200,100,0.5,99,9,75,24,61,19,14,70,78,94,13,69.1,8,15,4,13,3,7,4,12,43,47,26,15,13,30,56,2,2,3,4,80,440,670,80,330,"1,270",930,40,"4,710",414,"1,379","3,935",86,"1,459","5,814","4,355",43,90,320,850,20,330,"1,290",960,10,580,"2,140","5,460",190,"2,120","8,370","6,250",90,"9,538","29,605","148,896","5,738","115,536","193,777","78,241","1,249,490",61,72,37,32,18,43,80,"1,171,775"
Nebraska,-13,0,40,0.2,97,7,77,20,65,18,11,73,40,41,12,67.9,u,u,u,u,2,5,5.5,8,57,45,17,31,11,25,43,0,2,3,7,u,u,u,u,80,290,210,10,"2,020",473,184,820,75,412,"1,552","1,140",13,u,u,u,u,90,340,250,-- [14],u,u,u,u,580,"2,180","1,600",30,"8,330","4,120","47,728","2,397","36,247","62,575","26,328","391,620",u,u,u,u,16,35,61,"370,172"
Montana,-9,0,0,0.2,93,9,75,24 [15],60 [15],26,22,63,56,55,11,n/a,7,-- [7],7,u,4,7,8.3,12,33,-- [7],23,67,13,28,50,0,0,5,5,10,u,180,u,70,220,150,10,"1,580",52,3,589,211,229,855,626,6,10,u,140,u,50,190,140,-- [14],80,u,910,u,350,"1,270",920,20,"1,595",337,"25,716","3,128","18,183","30,776","12,593","200,170",47,u,35,u,19,41,73,"190,089"
Nevada,-15,-13,-15,1.1,82,20,65,46 [15],39 [15],32,19,63,9,8,15,68.4,5,u,u,u,6,11,16.4,21,42,42,20,14,12,30,62,-1,-2,7,11,160,u,u,u,300,970,670,20,"9,690","1,402",394,699,109,673,"2,604","1,931",26,300,u,u,u,160,620,450,10,"1,860",u,u,u,"1,140","4,190","3,050",60,"33,376","9,359","35,136","7,837","54,388","85,708","31,320","618,720",56,u,u,u,21,49,97,"589,149"
New Hampshire,-12,0,0,0.3,40,15,70,36,50,39 [9],14,76,30,12,7,n/a,u,u,u,u,4 [9],7 [9],9.2,10 [9],24,18,12,4,5,13,23,0,0,4,12,u,u,u,u,90 [9],290 [9],200 [9],10 [9],"2,210",48,18,488,6,118,560,442,3,u,u,u,u,30 [9],140 [9],110 [9],-- [14],u,u,u,u,240 [9],990 [9],750 [9],10 [9],"1,985",973,"40,265","1,361","25,205","44,584","19,379","255,340",u,u,u,u,10 [9],22 [9],39 [9],"241,346"
New Jersey,9,0,-4,5.6,14,26,60,53,35,54,17,70,26,3,11,67.5,8,50,7,35,9,17,28,29,33,29,5,2,7,15,28,0,-3,41,76,470,"2,230","1,110",860,"1,560","4,670","3,110",170,"48,110","2,055","1,308",779,46,"1,183","4,188","3,005",43,460,480,270,90,390,"1,300",910,30,"2,980","4,030","2,160","1,000","3,140","10,160","7,030",230,"61,872","45,055","151,771","24,254","174,068","282,952","108,884","1,819,070",48,89,14,41,18,36,65,"1,715,123"
New Mexico,0,-33,-36,0.5,91,11,73,29,57,20,38,46,48,48,12,73.9,9,12,8,9,6,9,11.7,13,51,28,24,50,22,43,74,-3,-4,6,7,370,20,150,70,250,620,370,30,"4,620","2,032",46,461,420,909,"2,959","2,050",33,440,10,110,90,210,650,450,10,"2,850",80,720,590,"1,360","4,230","2,870",70,"39,591","1,644","18,856","8,365","40,801","68,456","27,655","422,790",72,47,38,70,33,62,104,"395,286"
New York,-11,19,16,12.2,37,29,57,58,30,59,27,65,8,6,7,68.3,34,54,8,15,13,22,26.3,35,33,26,11,6,8,18,30,18,34,113,252,"4,670","5,860","2,660",760,"4,620","13,950","9,330",390,"105,380","4,432","2,795","3,593",308,"2,980","11,128","8,148",125,"1,350","1,150",980,140,"1,060","3,620","2,560",60,"10,460","9,800","7,240","1,200","8,660","28,700","20,040",580,"135,599","108,961","335,197","51,699","362,504","631,456","268,952","4,227,140",77,90,22,23,24,45,75,"4,001,053"
North Carolina,-3,-13,-30,3.4,83,15,69,34,52,22,17,63,53,43,15,73.8,9,16,6,12,5,9,14.6,16,51,37,20,23,13,28,50,-2,-11,14,26,310,"1,380","1,110",160,860,"2,950","2,090",80,"29,500","1,773","3,172","3,762",313,"2,422","9,020","6,598",128,390,770,860,80,570,"2,100","1,530",30,"2,460","5,320","5,730",550,"3,850","14,070","10,220",240,"34,592","84,930","184,661","13,500","185,053","317,683","132,630","2,129,250",71,63,31,41,21,44,77,"2,016,657"
Ohio,-9,-25,-18,2.4,93,12,72,27,59,24,25,65,55,56,7,65.7,u,u,u,u,4,8,9.4,14,43,49,22,9,12,27,50,-3,-3,9,14,u,u,u,u,910,"2,980","2,070",120,"20,630",723,"2,968","6,574",87,"2,641","10,352","7,711",112,u,u,u,u,620,"2,370","1,750",30,u,u,u,u,"4,170","15,700","11,530",270,"16,762","60,687","293,635","9,264","227,108","380,348","153,240","2,341,960",u,u,u,u,18,41,75,"2,203,285"
North Dakota,-9,0,0,0.1,98,7,77,20 [15],64 [15],17,10,74,72,73,10,n/a,u,u,u,u,2,4,7.9,7,60,32,18,67,10,24,40,0,0,1,1,u,u,u,u,30,100,70,-- [14],"1,160",53,20,354,136,125,563,438,7,u,u,u,u,30,120,90,-- [14],u,u,u,u,180,790,600,10,881,633,"19,936","2,025","12,657","23,475","10,818","155,910",u,u,u,u,14,34,56,"146,282"
Oklahoma,-11,33,20,0.6,96,8,76,19,66,12,14,61,53,54,20,70,u,8 [6],5 [6],7 [6],3,6,6.2,10,61,48,38,42,20,43,76,1,1,4,6,u,110 [12],460 [12],140 [12],220,710,490,30,"4,780",949,653,"2,908",800,"1,518","5,310","3,792",69,u,150 [12],800 [12],190 [12],330,"1,130",810,20,u,950 [12],"5,000 [12]","1,200 [12]","2,060","7,150","5,090",120,"15,497","13,504","76,162","18,885","74,137","124,048","49,911","821,370",u,67 [6],56 [6],58 [6],28,58,102,"768,751"
Oregon,-1,7,7,1.1,75,14,71,37,50,30,25,65,23,21,9,77.7,6,15,9,9,5,9,11.9,14,42,29,17,13,10,22,40,1,2,16,29,140,60,760,70,340,"1,030",690,20,"9,640",934,106,"1,440",114,694,"2,594","1,900",15,200,30,360,30,170,620,450,-- [14],"1,270",190,"2,560",220,"1,210","4,240","3,040",40,"22,300","3,672","84,317","8,732","71,609","119,021","47,412","844,060",57,52,30,25,17,36,64,"810,399"
Pennsylvania,-1,-10,2,3.6,81,17,68,40,47,33,21,70,48,42,7,76.1,u,u,u,u,5,9,13.1,16,50,41,14,7,10,21,34,-2,1,18,43,u,u,u,u,"1,060","3,900","2,840",140,"31,260","1,782","2,423","4,342",110,"2,407","8,657","6,250",98,u,u,u,u,590,"2,120","1,530",30,u,u,u,u,"4,050","14,680","10,630",270,"35,663","58,466","305,696","16,167","234,773","415,992","181,219","2,529,940",u,u,u,u,17,35,59,"2,383,721"
Rhode Island,-2,-33,-40,0.4,80,20,65,47,40,40,26,66,22,36,6,n/a,u,u,u,u,4,10,16.7,15,41,28,10,13,9,18,26,-1,-2,2,3,u,u,u,u,80,370,290,10,"3,500",279,83,271,26,176,659,483,5,u,u,u,u,40,170,130,-- [14],u,u,u,u,300,"1,190",890,20,"6,737","2,966","25,953","1,947","19,100","37,603","18,503","220,100",u,u,u,u,16,32,48,"209,072"
South Carolina,-17,33,43,0.6,91,14,71,29,57,22,18,62,71,65,16,72.2,6,12,8,13,6,9,5.3,14,47,39,26,14,14,32,55,1,3,4,10,60,620,660,40,510,"1,380",870,30,"5,120",430,"1,993","2,297",43,"1,261","4,763","3,502",52,90,460,530,10,300,"1,090",790,10,580,"3,070","3,480",90,"2,070","7,230","5,160",90,"9,078","50,561","87,780","3,053","87,131","150,472","63,341","1,014,470",64,61,40,31,24,48,81,"965,704"
South Dakota,-10,0,0,0.1,98,5,79,14 [15],69 [15],12,13,72,76,77,12,72.4,4,8,3,3,2,3,3.1,5,52,21,18,83,13,29,51,0,0,1,2,-- [14],10,70,10,30,90,60,-- [14],500,66,17,397,332,214,812,598,10,10,-- [14],90,70,50,170,130,-- [14],80,30,550,410,290,"1,070",790,20,"1,265",803,"21,933","4,020","16,347","28,021","11,674","169,460",67,34,25,103,18,38,68,"158,874"
Tennessee,-14,14,9,1.4,95,11,73,24,62,17,22,63,63,62,11,n/a,4,14,5,5,4,7,9.2,12,55,47,30,9,15,35,64,1,1,8,12,50,650,690,20,430,"1,400",970,60,"12,140",646,"2,148","4,270",41,"1,855","7,105","5,250",88,130,490,920,10,410,"1,560","1,150",20,830,"3,290","5,880",70,"2,700","10,060","7,370",170,"11,776","45,529","142,850","4,379","122,531","204,534","82,003","1,389,170",70,72,41,17,22,49,90,"1,312,517"
Texas,-3,-25,-20,6.4,95,11,74,24,61,15,12,61,43,40,24,63.1,7,15,6,10,4,8,9.4,15,57,41,24,8,21,41,72,-7,-9,21,35,"3,150","1,810","2,020",400,"2,120","7,380","5,260",210,"55,440","24,166","4,963","8,081",315,"11,730","37,525","25,795",526,"5,150","1,170","1,820",100,"2,560","8,240","5,680",130,"32,460","7,950","11,920",820,"16,410","53,150","36,740",860,"425,779","122,392","331,306","39,267","558,001","918,744","360,743","6,196,090",76,65,36,21,29,58,102,"5,885,855"
Utah,-4,50,100,0.3,93,5,79,17,68,15,9,78,63,41,11,74.9,4,4,3,4,2,3,4.4,6,49,24,15,20,9,21,39,1,6,3,12,60,10,290,20,100,380,280,10,"2,990",860,45,"1,244",105,572,"2,254","1,682",15,180,10,280,20,120,490,360,-- [14],"1,100",60,"1,810",150,800,"3,120","2,320",30,"17,387","1,855","85,027","5,306","66,529","109,575","43,046","709,650",63,34,21,28,12,28,54,"675,124"
Virginia,-18,-11,-6,2,88,17,68,41,46,34,11,69,80,53,12,71.3,9,21,7,11,4,11,10.2,19,32,31,15,5,8,20,36,-2,-2,16,32,250,"1,280","1,090",190,670,"2,820","2,150",70,"17,210",870,"1,913","2,429",88,"1,210","5,300","4,090",35,200,510,600,40,310,"1,340","1,030",10,"1,310","3,710","4,120",320,"2,190","9,460","7,270",120,"27,098","61,828","158,682","17,010","152,218","264,618","112,400","1,781,400",49,60,26,19,14,36,65,"1,681,168"
Vermont,-5,0,11,0.2,50,16,69,44,43,39,32,62,38,28,5,n/a,11,2,10,7,6,9,11.4,13,10,20,15,4,5,14,25,0,1,6,10,10,-- [14],190,10,70,210,140,10,"1,300",6,11,297,3,55,317,262,3,-- [14],-- [14],80,-- [14],20,80,70,-- [14],10,10,570,10,140,610,470,10,618,563,"19,996",735,"11,257","21,912","10,655","120,920",23,26,29,13,13,28,44,"113,854"
Washington,-12,21,2,2.1,94,15,69,43,44,37,21,66,10,15,8,n/a,9,u,u,u,6,11,12.1,19,43,22,15,15,9,20,39,7,1,40,51,340,u,u,u,800,"2,400","1,600",50,"17,740","1,592",272,"2,166",356,"1,145","4,386","3,241",35,350,u,u,u,310,"1,120",810,10,"2,290",u,u,u,"2,260","7,910","5,650",100,"36,768","12,461","140,736","24,109","130,066","214,074","84,008","1,525,860",62,u,u,u,17,37,67,"1,464,754"
West Virginia,-26,-50,-40,0.2,95,9,75,22,63,18,34,56,90,76,8,70.2,0,14,5,2,3,5,4.4,8,25,33,41,12,17,40,74,-1,-2,1,3,-- [14],40,230,-- [14],90,280,180,10,"1,430",27,96,"2,048",7,548,"2,178","1,630",21,10,20,430,-- [14],120,460,340,10,30,160,"2,710",10,760,"2,920","2,160",40,"1,081","2,897","49,634",597,"32,067","54,209","22,142","347,170",30,55,55,17,24,54,97,"322,254"
Wisconsin,6,-25,-14,0.7,94,9,76,27,59,20,18,74,70,65,7,67.1,5,11 [6],4 [6],9 [6],2,5,5.9,8,44,55,12,29,9,20,35,-1,-1,3,6,90,200 [12],570 [12],80 [12],240,850,610,20,"6,360",708,943,"1,797",244,938,"3,692","2,754",39,150,220 [12],550 [12],60 [12],210,820,610,10,940,"1,400 [12]","3,560 [12]",410 [12],"1,390","5,370","3,980",70,"16,029","17,124","147,099","8,549","109,879","188,801","78,922","1,148,350",59,78 [6],22 [6],43 [6],13,28,50,"1,083,819"
Wyoming,22,0,-33,0,96,8,76,23,62,20 [9],13,66,96,96,17,75.4,u,u,u,u,3 [9],5 [9],1.3,10 [9],40,13,27,53,13,30,54,0,-1,2,2,u,u,u,u,30 [9],100 [9],70 [9],-- [14],140,95,7,397,41,141,540,399,2,u,u,u,u,30 [9],120 [9],90 [9],-- [14],u,u,u,u,200 [9],760 [9],560 [9],10 [9],"2,358",529,"14,597",773,"10,869","18,257","7,388","116,940",u,u,u,u,18 [9],41 [9],75 [9],"107,740"
U.S. total,-8,2,-5,100,87,u,u,u,u,30,21,65,38,34,12,n/a,10,27,7,11,6,11,13.5,18,42,39,19,14,12,26,47,19,-84,808,"1,587","22,300","46,210","54,780","8,740","33,730","109,740","76,010","3,300","862,320","92,960","62,493","108,720","8,932","74,820","273,105","198,285","3,098","20,820","18,130","44,430","3,030","18,340","65,590","47,260",950,"136,080","131,880","293,980","22,580","126,880","448,440","321,550","7,350","2,239,574","1,607,258","5,833,339","656,496","6,110,950","10,336,667","4,225,717","67,630,630",61,76,38,29,21,43,76,"63,958,243"
Sources,Sources:  [7],Sources:  [7],Sources:  [7],Sources:  [7],Sources:  [2],Sources:  [5],Sources:  [5],Sources:  [5],Sources:  [5],Sources:  [1],Sources:  [10],Sources:  [10],Sources:  [7],"Sources:  [3, 2]",Sources:  [10],Sources:  [6],Sources:  [4],Sources:  [4],Sources:  [4],Sources:  [4],Sources:  [4],Sources:  [4],Sources:  [7],Sources:  [4],Sources:  [4],Sources:  [4],Sources:  [4],Sources:  [4],Sources:  [4],Sources:  [4],Sources:  [4],Sources:  [7],Sources:  [7],Sources:  [7],Sources:  [7],Sources:  [4],Sources:  [4],Sources:  [4],Sources:  [4],Sources:  [4],Sources:  [4],Sources:  [4],Sources:  [4],Sources:  [7],Sources:  [4],Sources:  [4],Sources:  [4],Sources:  [4],Sources:  [4],Sources:  [4],Sources:  [4],Sources:  [4],Sources:  [4],Sources:  [4],Sources:  [4],Sources:  [4],Sources:  [4],Sources:  [4],Sources:  [4],Sources:  [4],Sources:  [4],Sources:  [4],Sources:  [4],Sources:  [4],Sources:  [4],Sources:  [4],Sources:  [4],Sources:  [4],Sources:  [4],Sources:  [4],Sources:  [4],Sources:  [4],Sources:  [4],Sources:  [4],Sources:  [4],Sources:  [9],Sources:  [4],Sources:  [4],Sources:  [4],Sources:  [4],Sources:  [4],Sources:  [4],Sources:  [4],Sources:  [8]
"1. Rounded to the nearest 10. , 2. Includes estimated number of pregnancies ending in miscarriage or stillbirth. , 3. Estimated as 20% of births plus 10% of abortions; includes stillbirths. , 4. All rates are the number of events per 1,000 women; pregnancy rate includes estimated number of pregnancies ending in miscarriage or stillbirth., 5. Abortions per 100 pregnancies ending in abortion or live birth., 6. Pregnancy and abortion rates are for white, black and other, irrespective of Hispanic ethnicity (births used for calculation of pregnancy rate are for comparable race groups without ethnicity)., 7. Rate not calculated because population of women aged 15-19 was less than 500., 8. Abortion estimates are based on the number of abortions among all women in the state and the proportion of abortions obtained by women of the same age nationally, 9. Abortion estimates are based on the number of abortions among all women in the state and the proportion of abortions obtained by women of the same age in neighboring states (for Maryland: District of Columbia, Delaware, Pennsylvania, West Virginia, and Virginia; for New Hampshire: Maine, Massachusetts and Vermont; and for Wyoming: Colorado, Idaho, Montana, Nebraska, South Dakota, and Utah.), 10. Includes births to women with ethnicity unknown., 11. Other non-Hispanic refers to those identifying as races other than black or white, and not identifying as Hispanic., 12. Numbers of pregnancies, abortions and fetal losses are for white, black and other, irrespective of Hispanic ethnicity (births used for calculation of numbers of pregnancies are for comparable race groups without ethnicity)., 13. Numbers of abortions are rounded to the nearest 10., 14. Fewer than five abortions or fetal losses., 15. Estimates predicted using multivariable linear regression, 16. Data are available for the 38 states, plus the District of Columbia, that asked key questions regarding women's reproductive health as part of the Behavioral Risk Factor Surveillance System in 2017. Data are also available for Puerto Rico in the full report., 17. A provider is a hospital, clinic or physician's office where abortions are performed. Physicians’ offices reporting 400 or more abortions a year are classified as clinics. , 18. u = unavailable, 19. n/a = not applicable",,,,,,,,,,,,,,,,,,,,,,,,,,,,,,,,,,,,,,,,,,,,,,,,,,,,,,,,,,,,,,,,,,,,,,,,,,,,,,,,,,,,
"Sources: 1. U.S. Teenage Pregnancies, Births and Abortions, 2011: State Trends by Age, Race and Ethnicity, Kost K and Maddow-Zimet I, 2016, 2. Special tabulations of data from Frost JJ, Frohwirth L and Zolna MR, Contraceptive Needs and Services, 2014 Update, New York: Guttmacher Institute, 2016, 3. National Center for Health Statistics, Vintage 2014 Post Censal Estimates of the Resident Population of the United States (April 1, 2010, July 1, 2010 - July 1, 2014), by Year, County, Single-Year of Age (0, 1, 2, .., 85 Years and Over), Bridged Race, Hispanic Origin, and Sex. Prepared Under a Collaborative Arrangement With the U.S.Census Bureau, 2015., 2015, 4. Pregnancies, Births and Abortions Among Adolescents and Young Women in the United States, 2013: National and State Trends by Age, Race and Ethnicity, Kost K, Maddow-Zimet I, and Arpaia A, 2017, 5. Pregnancy Desires and Pregnancies at the State Level: Estimates for 2014, Kost K, Maddow-Zimet I and Kochhar S, 2018, 6. State-Level Estimates of Contraceptive Use in the United States, Douglas-Hall A, Kost K and Kavanaugh ML, 2017, 7. Abortion Incidence and Service Availability in the United States, 2017, Rachel K. Jones, Elizabeth Witwer, Jenna Jerman, 2019, 8. National Center for Health Statistics, Vintage 2018 postcensal estimates of the resident population of the United States, 2018, 2019, 9. Publicly Supported Family Planning Services in the United States: Likely Need, Availability and Impact, 2016, 10. Gains in Insurance Coverage for Reproductive-Age Women at a Crossroads, 2018",,,,,,,,,,,,,,,,,,,,,,,,,,,,,,,,,,,,,,,,,,,,,,,,,,,,,,,,,,,,,,,,,,,,,,,,,,,,,,,,,,,,
